{
    "plddts": {
        "model_1_pred_0": 94.80585672720434,
        "model_2_pred_0": 94.99186526152437,
        "model_3_pred_0": 94.57733210953414,
        "model_4_pred_0": 95.1538189754999,
        "model_5_pred_0": 94.4661140618518
    },
    "order": [
        "model_4_pred_0",
        "model_2_pred_0",
        "model_1_pred_0",
        "model_3_pred_0",
        "model_5_pred_0"
    ]
}