{
    "features": 1390.9179697036743,
    "process_features_model_1_pred_0": 3.20451283454895,
    "predict_and_compile_model_1_pred_0": 107.9139575958252,
    "relax_model_1_pred_0": 21.24002504348755,
    "process_features_model_2_pred_0": 1.3363921642303467,
    "predict_and_compile_model_2_pred_0": 95.88217353820801,
    "relax_model_2_pred_0": 7.766671895980835,
    "process_features_model_3_pred_0": 1.0896692276000977,
    "predict_and_compile_model_3_pred_0": 70.71888160705566,
    "relax_model_3_pred_0": 10.873621940612793,
    "process_features_model_4_pred_0": 1.1482067108154297,
    "predict_and_compile_model_4_pred_0": 72.0439305305481,
    "relax_model_4_pred_0": 8.036082983016968,
    "process_features_model_5_pred_0": 1.1623237133026123,
    "predict_and_compile_model_5_pred_0": 71.18360686302185,
    "relax_model_5_pred_0": 8.163936138153076
}